"","TO-AL","TO-AZ","TO-AR","TO-CA","TO-CO","TO-CT","TO-DE","TO-DC","TO-FL","TO-GA","TO-ID","TO-IL","TO-IN","TO-IA","TO-KS","TO-KY","TO-LA","TO-ME","TO-MD","TO-MA","TO-MI","TO-MN","TO-MS","TO-MO","TO-MT","TO-NE","TO-NV","TO-NH","TO-NJ","TO-NM","TO-NY","TO-NC","TO-ND","TO-OH","TO-OK","TO-OR","TO-PA","TO-RI","TO-SC","TO-SD","TO-TN","TO-TX","TO-UT","TO-VT","TO-VA","TO-WA","TO-WV","TO-WI","TO-WY","TO-AK","TO-HI"
"FROM-AL",0,0.00196251314556492,0.0219259209431561,0.00615968890062245,0.00211900654608106,0.00151858884297164,0.00058985993605306,0.0012430954243642,0.0936618070720935,0.273886989338601,0.000180520906369992,0.0199609767787301,0.0166845775093094,0.0025371809976311,0.00302587469483545,0.0375780403348457,0.0424928260929579,0.000243431425823004,0.00583827107657719,0.00243771620419268,0.0095151941362417,0.00226594833039576,0.12148195913421,0.0189447875880761,0.000145723028246512,0.00102949032773986,0.00146222296533419,0.000332109533502276,0.00375576383721098,0.000706640857764649,0.00845569192418669,0.0368010363902849,8.66742772733113e-05,0.0145282881411635,0.00593044901412742,0.000386886579176404,0.00849497992121712,0.00030695948147414,0.0219894673380762,0.000216610728758535,0.140147665276994,0.0429671836139267,0.000869664410001991,0.000150006146518002,0.0149066318235947,0.00127553861608854,0.00390706888676123,0.00423673124681738,7.96641353834595e-05,0.000195319791214425,0.000380756347459167
"FROM-AZ",0.0012880278922748,0,0.00507527529917322,0.330082083844345,0.0573044891939644,0.00206197031129117,0.000430205242749842,0.00117615484936793,0.0116867098827193,0.00534135330158262,0.0110297713229412,0.0172088584822703,0.00413056970125622,0.00436685647630164,0.0133381617046847,0.00187364106198705,0.00496153063020309,0.000576445284691306,0.00427447835533463,0.00434185142204805,0.00732062686925638,0.00842028209615733,0.00320161040377051,0.0128165709397246,0.00454265920534163,0.00825796024156502,0.100226676884075,0.000957373184451364,0.00508988618420376,0.0980819943446568,0.010884232822082,0.00422925073761537,0.00168908424395111,0.00631996022733136,0.0138008666010893,0.00830256674558819,0.0074025224594697,0.000801142079055161,0.00106727413752912,0.00379325136511695,0.00360992732530088,0.111664887688561,0.058366054165886,0.000374114628171263,0.00441646847559405,0.016471468561943,0.000395828689353524,0.00470353805375196,0.00647886059230288,0.00173956727904874,0.00402505850886985
"FROM-AR",0.0310705530138344,0.0103028029455841,0,0.0157635339057225,0.00635374921264792,0.000731349654356327,0.000238518985889642,0.000773815228785075,0.0222250914313609,0.0216932909471277,0.000200638357814391,0.0346929045160734,0.0141439371963538,0.0100786830786165,0.0332032196698183,0.0196174372359663,0.0649009252513172,0.000184443349582441,0.00312220730855922,0.00138584678200833,0.00915919060072902,0.00707545688678129,0.0736634139750896,0.139716179569404,0.000171918724774189,0.00606823402894381,0.00248037217636799,0.000196870800042167,0.00136318292237475,0.0040431141914896,0.00615986311779467,0.0097366939836161,0.000303030817712886,0.0106017218580624,0.107571897278205,0.000455598962648508,0.00439337185655711,0.000146194069961309,0.00447628497060048,0.00151332088398409,0.0707533255762309,0.233376567402378,0.000843891181590806,7.28433392319516e-05,0.00393855972869505,0.00135259151985074,0.00107868142510264,0.00767752616385387,0.000288078740610748,0.000228942147519792,0.000410133028377703
"FROM-CA",0.00207076957636999,0.160125983722964,0.00380552081696727,0,0.0414682096627659,0.00439094661968072,0.000743978277769565,0.00263441206975036,0.0238595373505981,0.0111050298473428,0.026251209060284,0.0241339601643595,0.00520622346998717,0.00456878071370307,0.0118711468444042,0.00311038310921579,0.0055061570172826,0.000970629932171632,0.00760150602943976,0.0128140929050453,0.00865506818093584,0.0098026089903502,0.00248524861027753,0.011609307088069,0.0126125486642721,0.0101911069894167,0.157221973134575,0.00134176537975783,0.010561440360399,0.0234933489849338,0.0328901144627829,0.00776953865120715,0.00203102009330165,0.00786500442750863,0.01253347189147,0.0548265106123052,0.0120232659881759,0.00108158796803498,0.00207735226396827,0.00398199527865087,0.00557487036773717,0.0808867391244804,0.0610176738831341,0.000724779768805139,0.0138542586540014,0.0605529537049893,0.000768328144980515,0.00497669478160156,0.0101621797933244,0.00401928002025973,0.0201694865461919
"FROM-CO",0.00198214573601491,0.0785980226982378,0.00425957398173451,0.116754813572312,0,0.00246603033217532,0.000564783879567316,0.00257870861589274,0.0239178908128737,0.00965619940651313,0.0114804675275501,0.0251364595661803,0.00651949725080832,0.0119527251319836,0.0586073768932621,0.00311694482751821,0.00381097327125723,0.000848231585861325,0.00656125324003894,0.00725612434611447,0.00776768955409374,0.0156282268620343,0.00111514878234034,0.021161775622855,0.0128327811194027,0.0740770542048091,0.0274265488577274,0.000901932859931058,0.00561233446398226,0.0739678356325469,0.0152615396453826,0.0059337711143115,0.00611283949319407,0.00776946051277068,0.0180968358388125,0.0060433599030951,0.0086259861991468,0.000550253852509742,0.00186807499136961,0.0230788442037067,0.00566660582724072,0.1033011895292,0.0689466690578478,0.000638023175787926,0.00913701451236327,0.0153489433313359,0.00054983182981547,0.00765087377141399,0.0728056673915831,0.00227121618813319,0.00378344899536108
"FROM-CT",0.00201600578407789,0.00394295322128288,0.000651699173780817,0.0169885845376671,0.00353423565479177,0,0.0049566207509307,0.00603426820282631,0.0443315297371597,0.0102413403516634,0.000282906213479544,0.0122444855408957,0.00500280890625326,0.00117396910190178,0.000571226735758927,0.00484827194622078,0.00160612553053235,0.0261909389376178,0.0246815985851582,0.180985156837006,0.00757530130490775,0.00290789045392563,0.000725255076293399,0.00310696394893417,0.000348632769164494,0.000500372923324556,0.00403515394776391,0.0410126798146806,0.118363801149455,0.00076038544625143,0.242713571938249,0.015424812698293,0.000102567348139626,0.0108527447609747,0.00071961705261458,0.000779552831190302,0.0905650284604669,0.0212730984721456,0.00439231783847505,0.000156051461435892,0.00470569875960758,0.00797008287747199,0.00166618280304329,0.0268689751389931,0.0295797152966346,0.00237142286019732,0.00566074133814302,0.00330156761551342,0.000209790735448435,0.000221015409223465,0.000844281720033196
"FROM-DE",0.00302181324673163,0.00321939468456783,0.000817968781486417,0.0111693549230491,0.00311569775805269,0.0194169509958534,0,0.0281422779482063,0.0252876618863576,0.0118376920511557,0.000302440685215222,0.00982761265566836,0.00607953896914428,0.00106076778309688,0.00070163648090365,0.00623335345596704,0.00159938860571562,0.00661557516238732,0.121085835126641,0.024684287752692,0.00901852636069105,0.00234139148186339,0.0010850434965141,0.0039578465988079,0.000198357993824573,0.000532710365583483,0.00219558593688924,0.00560428627835298,0.113191443822107,0.000662962688475122,0.158306748130267,0.0336633174597909,7.41744658928345e-05,0.0176779646305704,0.000920123415100675,0.000710060555264232,0.147122939162408,0.00455159238010825,0.0055415430770594,9.17379259785863e-05,0.00623998291187799,0.00976892962264308,0.00117217643858656,0.00413020807562006,0.165530357658406,0.00210193583916865,0.0154256060841414,0.00315476366669829,9.26229018365825e-05,0.000167791172262695,0.000548020450317918
"FROM-DC",0.00577242443849057,0.00754204940143865,0.00229295889182892,0.0343110238024827,0.0122074861790336,0.0172951949801166,0.0218257110972016,0,0.0609797460784567,0.028455935990006,0.00106315031241201,0.029409655550207,0.00904096145047161,0.00322657002845526,0.00236845841833727,0.00782539954935446,0.00602493733092119,0.00468934724746798,0.0343798411697025,0.031456539151482,0.0163922061394134,0.00908323941460861,0.00339607639007524,0.0108605237400369,0.00104898483989532,0.00298558429699983,0.0054356243088779,0.00396640042976706,0.0666690935590886,0.00249023779770806,0.156139292043091,0.0432519052040699,0.000604895686605224,0.0179630720042769,0.00303737484652386,0.00219220515382664,0.123780800418761,0.00454616080158815,0.0103248358691776,0.000866590728909999,0.00967180254000629,0.0305437758954525,0.00410756003414733,0.00299275287088622,0.112025901954424,0.00797222686303088,0.0155898735281069,0.00804114487966127,0.000327390993809402,0.00138310872990224,0.00214196696940485
"FROM-FL",0.0446028848660456,0.00797079561337888,0.00745259408845825,0.0329335565988262,0.0118166715120429,0.0154557329693849,0.00230875401411245,0.00628715595050715,0,0.186753673308213,0.000923262839081952,0.0415293438243697,0.0193022219586772,0.00335867587651006,0.00310940838752999,0.0188898301973441,0.0184937840316758,0.00370005521433075,0.0229749765899599,0.0276258177163531,0.02742987464147,0.0119360043948858,0.0213659193264984,0.0172441643831005,0.000766411008075561,0.00226735093023903,0.00816326189292025,0.00477665163729072,0.0355884480738396,0.0020819512822732,0.0900456497748322,0.0443235999089049,0.000535665183458671,0.027647408456502,0.00458674985658318,0.00224185706307499,0.0416785081466816,0.00460816067170589,0.0299761014857916,0.000828024606558628,0.0269748254105731,0.0480442256150871,0.00429545248025849,0.00242686301377396,0.0392179730536929,0.00702363314271831,0.00616189067748871,0.00964851747399794,0.000273387457544828,0.000840063956498917,0.00151220943687769
"FROM-GA",0.135903047622517,0.00374565883006161,0.00748006883164497,0.0153118020337995,0.00487528196629217,0.00369816875837491,0.00112091554812429,0.0030429030542979,0.188731423613151,0,0.000405125576916792,0.0195750998975957,0.0127258516065458,0.00217436084909959,0.00266280810481781,0.0277344561557377,0.0134001777143134,0.000823143965433737,0.0106269111934533,0.00833829925328075,0.0124461776532472,0.00439356309721686,0.0221882685117825,0.0117663959958492,0.000413347435058843,0.000986758655794596,0.00368673174063219,0.000645243183661079,0.0101427282788368,0.000713707737001115,0.0242823829937093,0.118687781426305,0.000164098175373827,0.0176894793703197,0.00326970396556923,0.000809074863698023,0.0164622914433261,0.00060362430097816,0.117402096879245,0.000331598008701114,0.090881513233801,0.0300169510130529,0.00206736458792168,0.000465865637981823,0.0313170486868006,0.00304002232693525,0.00572710257173699,0.00541199003690851,0.000163746663338675,0.000416182442611776,0.00103165450714629
"FROM-ID",0.000367321814461624,0.0307745788557188,0.000307475701771805,0.15456003777579,0.0236349246902301,0.000429482981706011,0.000113111816763373,0.000439600677131091,0.0037006000191608,0.00161076209909729,0,0.00347107568685768,0.000885569107198888,0.000574541650790361,0.000738762619949947,0.000590915617275242,0.000495063666983079,0.000144976740376309,0.00116582963582768,0.00111297177522973,0.00114864222781314,0.00261965769156392,0.000172003736177886,0.00180945044237077,0.0986872549311239,0.00207750966550494,0.0368278490574081,0.000215399303632527,0.000808608002940327,0.00389293325071125,0.0023070877960948,0.00119298307604209,0.000955050013027909,0.00120359047139418,0.000987700940069733,0.0976124025983437,0.00169996543265125,0.000126846192788725,0.000360532252790199,0.00162127486075651,0.00106984282265295,0.00866956856941616,0.216152531265655,0.000106147929731224,0.00166927099378217,0.20337752872015,0.000119926595633376,0.0011135488778249,0.0718748113338053,0.0129568102942736,0.00144566772155011
"FROM-IL",0.00866972677000923,0.0109652484515757,0.0109769230912367,0.0308345716105525,0.0118847739934521,0.00409564760160853,0.000844412055374615,0.00281733838099918,0.037358142737564,0.0174092192439961,0.000807782952694859,0,0.140453782871449,0.0589614932501844,0.0112605378410358,0.0369864052462207,0.00531737321014103,0.000904582792345816,0.0077517320919934,0.00846923261261528,0.0851675887923037,0.0289164601084156,0.00723791888980194,0.0941375968750054,0.00110566079012493,0.00958193613466778,0.00834166971900326,0.00134221565976397,0.00846104114562137,0.00176061053330739,0.0276975970235332,0.0131063484592916,0.0022836010620488,0.0464987334341367,0.00713886097195185,0.00180910612049509,0.0183047714279104,0.00108796547779439,0.00425826739864857,0.00400446544733901,0.0254862297117667,0.0290790076083966,0.003585017160463,0.000792805048384412,0.0129043596351875,0.00529177890697304,0.00502770439500612,0.135160051664199,0.000872373236741223,0.00094043705554784,0.00184889330112103
"FROM-IN",0.010577639726657,0.00378452408364182,0.00636139307217653,0.00954369288406763,0.00433132976957418,0.0023812175263116,0.000738855446100075,0.00126491537643406,0.0252127427701318,0.0163247280222911,0.000282841469759964,0.200678031946864,0,0.0148841170249559,0.00527105452375523,0.103387922453517,0.00306476395203961,0.000516237465807005,0.00749449241889106,0.00577593668609366,0.146963044757083,0.0121229441957982,0.00513581325770906,0.0373347617118339,0.000287131175247579,0.00340526149854393,0.00351133600921528,0.000901134507205056,0.00566637757362395,0.000648499560169092,0.0213336816174372,0.0180793359951015,0.000807770117333247,0.162685761380554,0.00374538956585974,0.000672703373538961,0.0208830071183698,0.000726202515262526,0.00548237768082965,0.0013708449340028,0.0315169833211395,0.0128614284645952,0.00122674191974362,0.00054472908761501,0.0137014417572712,0.0017577710072618,0.00991356562017534,0.0538541014432482,0.000176465970342623,0.000199741991972947,0.000607214252846111
"FROM-IA",0.00301573921547669,0.00757289689047295,0.00862632356300357,0.0159803448416199,0.0150275967551737,0.00110229352947937,0.000262235835288606,0.000850149828363023,0.00784437679747558,0.00527081164700407,0.000336259363680121,0.155451931567416,0.0278542003002101,0,0.0437101794409214,0.00776353261581026,0.00202324834755061,0.000139048454831158,0.00306744857182937,0.00216428455971512,0.0323788050425566,0.196828427947112,0.00230303971222632,0.112016000174286,0.000643632625196088,0.087718773189623,0.00351156210747917,0.000165680706384141,0.00258338880559226,0.001020894428461,0.00986844440436189,0.00370925138139589,0.00644024735475986,0.0167261063472366,0.0117622712183637,0.000676641020561975,0.00679352233505467,0.000154554071503543,0.00105357802332882,0.0356630493994128,0.00720305342531718,0.0217544565216199,0.00303417083218289,9.76819564683455e-05,0.00303569026889427,0.00178550566708581,0.00116887890842505,0.118980998704016,0.00186238615630509,0.000377959672912087,0.000618445466555245
"FROM-KS",0.0040291201615475,0.0247158432045567,0.0310100195793452,0.0447357509289728,0.0781927636052254,0.000601604959636233,0.000187458618856319,0.00068851893032195,0.00813530032748895,0.00722439776961842,0.000464283475420556,0.0344605945779995,0.0111197902704079,0.0484389330642887,0,0.00706427856885364,0.00567646019870596,0.000130836426388445,0.00205689319827634,0.00147030554990367,0.00974804906343689,0.0212241877910629,0.00456045698023487,0.178144397909003,0.000668640713048844,0.0915443497371124,0.00842172925794757,0.000168212362561688,0.00103273532416484,0.0187746767728974,0.00469209627396375,0.00331522959961285,0.00253659024775206,0.00797419121957938,0.139029361140657,0.000676315186330323,0.0036536645583516,0.000125572395901905,0.00112077317007696,0.0139687556011704,0.00849477373141771,0.140545355734244,0.00725233548494035,8.8881784800717e-05,0.00280974369366558,0.00212807827339177,0.000767157951408842,0.0118274890971829,0.00353207560117616,0.00024517232410547,0.000525797602986438
"FROM-KY",0.0308473432987608,0.00228028656197196,0.0114474888163185,0.00738256046400083,0.00270771649913798,0.00296861585088356,0.000981543661496233,0.00145763115373149,0.0313825805259436,0.0457089847370912,0.000243826472116603,0.0684386545243441,0.13327752475944,0.00529706531209782,0.00429711508277174,0,0.00531118357628377,0.000521533389067908,0.0106550285580911,0.00711675585340685,0.0502590504940211,0.00633496180594251,0.0114036061012987,0.0411880670899686,0.000229824355881896,0.00186438715189873,0.00205033399088401,0.00077204765144255,0.00745653315943732,0.000499052332160382,0.0234881906001359,0.0590877489849291,0.000240086927531947,0.149217077900983,0.0038751456228825,0.000515370953950189,0.0239332563394516,0.000752129473181307,0.0159286835941421,0.000448456020965365,0.133456555341201,0.0178978765389459,0.00117841735855469,0.000344515706721542,0.0299538909405143,0.00147139445155355,0.0273524743002013,0.0155089982827044,0.000131773291837981,0.000214488745238485,0.000622165394482907
"FROM-LA",0.0550840601391608,0.00918589196464716,0.0580327914776018,0.0204128886220118,0.00516667671578807,0.00152720414823328,0.000396940853544176,0.0016481181093935,0.0496490700911161,0.0349143285612603,0.000309286075335508,0.0156055976075441,0.00624525041993426,0.00220543984689514,0.00545295643425125,0.00834641072279417,0,0.000458856718619963,0.00523540972183455,0.00317296887713602,0.00540156076890545,0.00304517868404635,0.185851906945632,0.0170935574493936,0.000258807754568942,0.00157013557439781,0.0036889340111783,0.000414302671797153,0.00374632645971916,0.00337239535123509,0.0107540321757613,0.0110455766560997,0.00016321438828227,0.00628270999321481,0.0190937731213882,0.000836632300943455,0.00619600882641159,0.000396842951917422,0.00618081338497749,0.0003034718689447,0.0226182384397876,0.391777279753365,0.00151373472394671,0.000249260653784927,0.00734117163122922,0.00254219297056175,0.000904238540169661,0.00311658107922994,0.000153952154394583,0.000387974721938173,0.000649046885675421
"FROM-ME",0.000708476882021661,0.00213190192949436,0.000291001221103263,0.00752450731560671,0.00236068735231999,0.0543977532892797,0.00360205408813328,0.00284014590656262,0.0220987890905999,0.00489634377496192,0.00021541371087711,0.00572839397146541,0.00240120222962051,0.000318653020322434,0.000296508046119489,0.00185335888708912,0.00105486761760177,0,0.0208336554118331,0.302055665496968,0.00581336724531369,0.00144862922093044,0.000376459650795328,0.00166729307948164,0.000257488608751087,0.000200213648195155,0.00157354775249517,0.122787128245913,0.0494969440278829,0.000350572203452183,0.133728269822006,0.0100252823630852,7.97432063669863e-05,0.0115135900061763,0.000352762100089478,0.000671799197010251,0.049835239985181,0.0306245170199147,0.00218021282158012,8.95782515502725e-05,0.00218619656605953,0.00427631204516554,0.000935378545987924,0.0704265782901094,0.0210920032623386,0.00172376423860171,0.00239514956922129,0.00177525664677166,7.33841914876734e-05,0.0359300055271224,0.000503953418983967
"FROM-MD",0.00450976416774257,0.00469205169738563,0.00170517890022082,0.0166615767589705,0.00534899078638254,0.0141649600143768,0.0178869527447713,0.00554735576283384,0.036915759097789,0.0168797819480546,0.000470026742822143,0.0136315815930672,0.00919041706222927,0.0020015150245268,0.00121134074360527,0.0101403992795806,0.00318656228242961,0.00557185621106752,0,0.0230332883100989,0.0136670623465663,0.00323266771429545,0.00251570980802368,0.00619709882117013,0.000352694814469377,0.000914146378095363,0.00435665735891865,0.005238612347655,0.0960071834757412,0.00141868501839454,0.102494151489121,0.0514800078524755,0.00017679602177387,0.0309919914306632,0.00154103578944396,0.00106875976325379,0.19784619074803,0.00456062348127083,0.00848862053979081,0.000284493020388901,0.00955842088172649,0.0146044645343143,0.00221780857615741,0.00376797424125895,0.201681537214131,0.00357513321866265,0.0326871604513332,0.00459762591239241,0.000149460087274349,0.000346874863061413,0.00123099267219101
"FROM-MA",0.00194804657538427,0.00498648532957411,0.000736057460945889,0.0297967972459115,0.0061618555492257,0.107767328360865,0.00381726370614097,0.00554141376177963,0.0474029563720353,0.0139930373553403,0.000464083051148132,0.0156804084647271,0.00745543712432828,0.00147693644007029,0.000888646587396814,0.00716600214067471,0.00201003727731881,0.082804305911482,0.0243654683236927,0,0.010042826996052,0.00460983926676559,0.000857257738459346,0.00422377687921646,0.000468547510446391,0.000671696788090028,0.00440236170767796,0.0686365367188081,0.0681948253989034,0.000826710548499376,0.223161733684245,0.0200987528324444,0.000177722483936594,0.0154849710265893,0.000881082363702325,0.00157442724284459,0.061885330173488,0.00935157156178193,0.00640408587751018,0.000271755567873248,0.00575132536694388,0.0128039670639292,0.00219645677200929,0.057485288033877,0.036354871687395,0.00464532484600547,0.00717280580293,0.00480165379104407,0.000211583533395894,0.000507838901800794,0.00138050479529312
"FROM-MI",0.00603379836509454,0.0062837327530458,0.00414069604715267,0.0151897954147015,0.0050443587826893,0.00355916081194516,0.00112306511324869,0.00219016285477166,0.0340131123708704,0.0160468565167765,0.000374336101917098,0.118641864571385,0.145089575635903,0.0172532292222853,0.00466111791581938,0.0390934504705829,0.00266457774169389,0.00127595516445248,0.011182505786675,0.00774226413184547,0,0.0219495951982235,0.00388243410315475,0.0186402529316064,0.000506509949204854,0.00469945925626375,0.00615583065280528,0.00152240258094871,0.00907090008148738,0.000744264848429207,0.0362140668739136,0.0175796545421267,0.0018161681034218,0.235240074064575,0.00318185783186732,0.000983473786123396,0.0400875732993221,0.00105901725368656,0.00592243969620536,0.00268304746115946,0.0170603460275909,0.0144477608091201,0.00192966115297415,0.00143104128551784,0.0220535062659106,0.00287672960572736,0.0179921350801292,0.0667630399882712,0.000326952658996833,0.000502322232894168,0.00107386660548798
"FROM-MN",0.00228035415257093,0.011967035254995,0.00502656772415135,0.0283044553993803,0.0162685656147749,0.0021952076290021,0.000462114079690595,0.00195272274126019,0.0240956575056093,0.00886838824189372,0.00133412985875365,0.0646497109641221,0.0192170338765969,0.164824714926171,0.0159837296987356,0.00780451412707304,0.00235848960347761,0.000507146305157203,0.00419963171975699,0.00565932773535403,0.0368129591038781,0,0.00227111091169268,0.0337941990081888,0.00542331149913228,0.0323777536734527,0.00780047518979647,0.000540571022727426,0.00413319106514953,0.00151202422820728,0.0152034462274234,0.00606458482814862,0.0664853131567797,0.0151142267996718,0.00676150629370358,0.00184912530311504,0.0089190961986422,0.0003648684345783,0.0018001738098766,0.080490167857164,0.00655788544961316,0.0231862118284078,0.00376310410800899,0.000360045359313056,0.00676149749885654,0.00767800967842631,0.00149590066083731,0.220853777250699,0.0031213190327907,0.00834706188757728,0.00219758547561476
"FROM-MS",0.169419640159995,0.00653235433651943,0.0724647145259312,0.0101957484291982,0.00178388546012688,0.000818058954551409,0.000314060052674093,0.00103970777446935,0.0611658078512442,0.0621716369465934,0.000109415621114027,0.0224089581797611,0.0112917543811457,0.00270839821918625,0.0047615123718117,0.0193395283700226,0.203881922355778,0.000189014711838084,0.00452781842324254,0.00154207376877762,0.00841546681675081,0.00316393166338444,0,0.0308001961745228,0.000105310476562626,0.00141627447896692,0.00110326002822211,0.000177167926995154,0.00212076384968863,0.000892598500137072,0.00728862343293982,0.0179522229218696,7.31381635446301e-05,0.0102794608740914,0.0122394240207791,0.000314042319424238,0.00542231148265749,0.000154340962575438,0.00991060701480741,0.000157399781053993,0.0901312056158353,0.126253164562685,0.000533257502164518,7.82787497227031e-05,0.0068183722088471,0.00102135380727851,0.00125516270714274,0.00480344914941687,4.20157143840438e-05,0.000159105152805942,0.000252083046762002
"FROM-MO",0.0139383563916659,0.0134126140621712,0.0724257815135616,0.0244058616684096,0.0161868158823874,0.00171333641618614,0.000561617815646594,0.00172854626308925,0.0258108783032718,0.0174050865013863,0.000654722559634489,0.161190821767866,0.0428907661614829,0.0692793119612448,0.0996129476601055,0.0368154270508484,0.00984186058672652,0.000408761254964559,0.00585279860761953,0.00380001645823118,0.021639464373935,0.0248271924310183,0.0162632186351597,0,0.000637389172859978,0.0350827435857271,0.00580441148326992,0.000582062240901093,0.0032158945966663,0.00388784469694624,0.0120428578033288,0.0100696883069451,0.00169520675658641,0.0206587971782006,0.053060789523534,0.00127084854225639,0.00980889809233388,0.000444272057136579,0.00378877581309191,0.00609081986553122,0.0411579582402099,0.0657006324062428,0.00340019780915163,0.000310378887485398,0.00783145297986125,0.003831513116322,0.0027860237776546,0.0232621329746545,0.00109548366768353,0.00047672151313598,0.00134000058567006
"FROM-MT",0.00050008514169292,0.0205742211470713,0.000336415713678842,0.123114701173094,0.042759441323337,0.000838028352917741,0.000132810175384787,0.000713170822352957,0.00512592794229002,0.00268645613015417,0.160911739221989,0.00772023330331692,0.00158908610976079,0.00182030243971249,0.00173437434270477,0.00091322422377445,0.000713672705498244,0.000286910352993057,0.00146116133102564,0.00193934439475478,0.00260925531430045,0.0177141303660622,0.000253175704337185,0.00302270176470662,0,0.00593749447568092,0.0206009344882452,0.000280647008734907,0.00136194258142634,0.00300003473425538,0.00360344451485417,0.0017632013078304,0.0435901501094818,0.00223864406616442,0.00161956167839101,0.0361390813693359,0.00248879077879079,0.000165797875117902,0.000556873234655326,0.0288680838042875,0.00159042310716874,0.0100683778172593,0.0555493749382704,0.000208493219883946,0.00240577399730283,0.159563937877528,0.000150621092486379,0.0040516062465126,0.150182262757495,0.0633238738775238,0.00122000354440668
"FROM-NE",0.00175876377082632,0.0207364569280624,0.00804380122058343,0.0517364928243211,0.133596577130439,0.000682484622602889,0.000183755715841246,0.00130664763975947,0.00884532852634533,0.00396281123648601,0.00178633104708316,0.0368317267523732,0.00932369810613753,0.1282292380421,0.12196467077499,0.00392954221680056,0.00207902676969866,0.000340812243012957,0.00199630504343106,0.00169259955664384,0.0131089784500648,0.0566976757032046,0.00170341857928205,0.0838055994011593,0.0035815192079171,0,0.0138527659409982,0.000260204772753398,0.00097079574605808,0.00738887799778502,0.00498287713014698,0.00250645722207608,0.00857050546041158,0.00763965866173128,0.0226650626823124,0.0010495706123951,0.00368481582697696,0.000161524411732839,0.000772700600974932,0.0873125895202915,0.00474358401354139,0.0632315081004967,0.0156587205016607,0.000125756932920873,0.00310895232144383,0.0032834655348733,0.00057018979697884,0.0202915843283098,0.0275277185558089,0.000873870420194444,0.00084198139796078
"FROM-NV",0.0015216656895179,0.128379168657513,0.00151475906629242,0.413369834343751,0.0256804102802779,0.00307204756288919,0.000436037162701618,0.0012559058322047,0.0181183448792269,0.00785050199191831,0.0196595404754134,0.0193824294193455,0.00568445254279256,0.00290270245409351,0.00666197936081311,0.00255133743251852,0.00302078598231374,0.000610344722905887,0.00593745115147648,0.00566529439508072,0.0107979936886171,0.00820676295129727,0.000759730198493543,0.00821184463017651,0.00694763967664661,0.00719158724080733,0,0.00115181803802559,0.0073720715803774,0.0100774201789178,0.0180883577366695,0.00608239868447271,0.00188752730038508,0.00974079130902775,0.00696292289540173,0.0179331529900312,0.0102092537525204,0.000863583441172151,0.00138886171241911,0.00322912909937792,0.00399689560598349,0.0450892947578527,0.0850694995695201,0.000345043757376851,0.00655865416697636,0.0283654967623223,0.000441041799463531,0.00565595519798487,0.00566168158046006,0.00202996380003126,0.00640863249414562
"FROM-NH",0.00091294858650947,0.00378664776586403,0.000398607488647947,0.0106881493343428,0.00265120382312956,0.0894757261652402,0.00306285801576619,0.00245690753780306,0.0276730788193011,0.00366441334527533,0.000315368486662827,0.00827362500039609,0.00402488019242903,0.000368285136160531,0.000352112699851848,0.00263325632957381,0.000905151324346011,0.120378494433983,0.0191516877633722,0.235792161076103,0.0068312174152267,0.00148398514956389,0.000341979621666492,0.00224587246295275,0.000242547794557942,0.000418106263818519,0.00305881089083267,0,0.0442431970287785,0.000813670695420613,0.163386905371962,0.0113627471063165,7.24753168068356e-05,0.0102608677471009,0.000645350406030185,0.000713343968432169,0.0437830890835639,0.0516923784335628,0.00284698093428625,7.96794069247785e-05,0.00281818686201714,0.00582810946584225,0.00133307652635323,0.0818039200537129,0.0187318073911248,0.00192778141926969,0.00359744695024548,0.00177842391043693,8.32708254334502e-05,0.000151915890684716,0.000457292282317371
"FROM-NJ",0.00272471806646916,0.00541040948237208,0.000656538661896927,0.0224857537461148,0.00442382223092443,0.0662973796508344,0.0162389484404132,0.0114388449707241,0.0559017845225435,0.0153407231933004,0.000285656725735361,0.0143952091839231,0.00665084369717774,0.00157546540105987,0.000521205127268823,0.00677290968951734,0.00216166850052058,0.0124956120062144,0.0942785435532341,0.0622297653586,0.0102787071556192,0.00302738541647928,0.00105662529681536,0.00323924983717104,0.000262779970138723,0.000393512742748351,0.00526450497284521,0.0111335901616453,0,0.00064843064869978,0.170331711291145,0.0261086801841499,9.21082668462811e-05,0.0190736896066644,0.000592513925117751,0.00109779935112461,0.193517128216943,0.0113734622435984,0.00674340588671998,0.000171399441506673,0.00559121691063317,0.0120954514427004,0.00223354007152388,0.0116321245933245,0.079139156457979,0.00366797983725791,0.0125563163127858,0.004057421454285,0.000153990284464973,0.000411488704422251,0.0017688271058007
"FROM-NM",0.00107921411275635,0.207516324985288,0.00434553818227746,0.101807963954482,0.11462090630866,0.000820312251578671,0.000185290140099721,0.000801610064031362,0.00643661243976023,0.00219796939545232,0.00294167129570524,0.00562474938774741,0.0015022016003882,0.00125154114428759,0.0210830996392721,0.000903582800708682,0.00397306900862133,0.000210566715235521,0.00264381844748761,0.00149685477591937,0.00176815115028195,0.00223079971293604,0.000948493857240821,0.00786590711967058,0.00149973592001062,0.00624653201882334,0.0167115099189954,0.000431922075062235,0.00128849419215314,0,0.00407968282655453,0.00172514856375699,0.000373194046666144,0.00216895377703634,0.023964553443257,0.00170841965961637,0.00245263597088025,0.000292483261853883,0.000440144156575886,0.00199799098070515,0.00218173681144648,0.398676442559733,0.0255341342824577,0.000145855274668899,0.00263553931207426,0.0043085781758395,0.000180519161406562,0.00126750345785812,0.00423377687389426,0.000346432636703353,0.000851832152081989
"FROM-NY",0.00281497621976874,0.00514893514190541,0.00145202999888197,0.0309109815543209,0.00526763025938043,0.0610990050442833,0.0106134758267799,0.0132779550305041,0.0630561728878678,0.0168297750290347,0.000386198424901433,0.0210598957431769,0.0115915834547277,0.00282408873720634,0.00115171144175746,0.00995058827455488,0.00280550811783888,0.0169184181195905,0.0458465295559739,0.0965082324997944,0.0192257604949032,0.00504242584021858,0.00177000308341002,0.00558529260052863,0.000386091890868672,0.000885847988788877,0.00582581824777071,0.0190359099238263,0.0750729967407019,0.000909652804992842,0,0.0266086084490607,0.000191634152101567,0.0425997630212335,0.00112464414367873,0.00111481736739344,0.221861356394675,0.0154842557819035,0.00704925530169894,0.000349647475073024,0.00747250650796448,0.0139406680322203,0.0026016129120186,0.0254684340103082,0.0552200723247629,0.00357276986694705,0.0142788013787014,0.00615649475359348,0.000311465839437723,0.000308824069246942,0.00103087723972092
"FROM-NC",0.0180041637797054,0.0029949060167029,0.00332942623703595,0.0110089173250676,0.00305407314907445,0.00561007189287647,0.00315381319631062,0.00541089663367861,0.0458448950772144,0.120250295327331,0.000291387297227972,0.0141619657517498,0.0139566666324677,0.00144492095755116,0.00116090268588948,0.03554611075165,0.00411497064373102,0.00179619533783235,0.0324442699901868,0.0123142180050985,0.0133923025990177,0.00289585616785691,0.0061851785229523,0.0067424336246585,0.000269869454105434,0.000638571180603035,0.00296016901555021,0.00195063042438441,0.0171122674450111,0.000559319948407486,0.0366671932535812,0,0.000111672399248721,0.030887026488066,0.00141805128741422,0.000774109854887602,0.0372088431649288,0.00153899385543716,0.144915906368796,0.000167550690441988,0.0670713839381158,0.0121062370430665,0.00136740964403148,0.00125411750702881,0.235765398261876,0.00228833261089695,0.0325143903916373,0.0041799343452723,0.000166235465115428,0.000277054318293195,0.000720494040934887
"FROM-ND",0.000479931876255334,0.0137105872617947,0.00120198239163425,0.035880483946677,0.0345952309086814,0.000569985644289147,0.000100641980967708,0.000769353927630148,0.00612300643025885,0.00199905539513184,0.00243681861220375,0.0251013554886683,0.006842300970031,0.0270312797007352,0.00990008575807277,0.00172282463144912,0.00063899368836988,0.000179819012459549,0.00110528800963029,0.00166686213248308,0.0144168190268955,0.345637477889738,0.000268674983780807,0.0123301987677425,0.0690207722486259,0.0252435305055907,0.0110352640679664,0.000139186714296284,0.00118122116362839,0.00133937749070362,0.00389730177136846,0.0015655169039035,0,0.00717345588029804,0.00428938515457316,0.00175419481454895,0.00280256950792297,8.94823127170363e-05,0.000476909768237563,0.148877966057349,0.00253098793297902,0.0170216313410196,0.0103567730631428,0.000109794502536582,0.00196485733345245,0.0128221569515868,0.000123120738333637,0.048041152527748,0.022799608482678,0.0598637451353617,0.000770979193850475
"FROM-OH",0.0069811732910637,0.00448653428479423,0.00358546103576153,0.0112270262837303,0.00396757996709358,0.00407867442613518,0.00171081288621632,0.00256802604074472,0.0287522679401359,0.0178921744861821,0.000279396617920163,0.0530867961879347,0.127466519035435,0.00674711965508509,0.00282221373659891,0.0904231636512441,0.0022911592899296,0.00218438091064313,0.0200176312158661,0.00976736024470509,0.183036165159839,0.00720033495495443,0.00346495553312311,0.0138587243334055,0.000332003884239206,0.00204443783928924,0.00474697447502576,0.00177532696315465,0.0128707100857233,0.000703799605683484,0.0632162652530256,0.0313591734995485,0.000537984237279273,0,0.00225947159666997,0.000716333018035898,0.10994954428348,0.00103189399321397,0.00766098015410582,0.000973905831617893,0.0209860655459882,0.0116679597059753,0.00165028209988246,0.00187057638081271,0.0355193430428027,0.00216297412210386,0.0595889053343563,0.0170769888588954,0.000352897692288987,0.000286527386139056,0.000763023942120105
"FROM-OK",0.00656613571236811,0.021452781638332,0.0844236952544943,0.0394352116351597,0.0206715716878651,0.000589089362467123,0.000196127542238284,0.000754255349809064,0.0104980059129478,0.00739178835001686,0.00052624319172632,0.0178885963121044,0.00652348735646514,0.0108854360884046,0.116260700646147,0.00518268532546041,0.0167347365355388,0.000159207451977329,0.00213112017643635,0.00122303729530704,0.00541050457675523,0.00737487945529583,0.00977156456713258,0.0799578483561338,0.00054890107723739,0.0143494850717948,0.00790839954301024,0.000249270978876783,0.000898881040983307,0.0177799310984117,0.00372467632982315,0.00321942218011358,0.000844408587434808,0.00525916715570867,0,0.00086905653908759,0.00305502026992991,0.000193926014363172,0.00130942198279544,0.0032173449418283,0.0103970075997117,0.438133199145774,0.00324326974203798,8.05979317092741e-05,0.00271029556887106,0.00252826078910184,0.000607733697603606,0.00443043796867424,0.00131096430708788,0.000354834141223236,0.00076737651622309
"FROM-OR",0.000570147850392113,0.0162804407780822,0.000482201901910529,0.234984434202354,0.00911450886464536,0.000815066362629746,0.000189825264142504,0.000681974150244649,0.00646623471706263,0.00240769823426106,0.0674524240908171,0.00557970181930484,0.00150714601095646,0.000808118852132328,0.000741552721680754,0.000904209726018953,0.000955493281532186,0.000341670110135366,0.00196791665811696,0.00272237105328523,0.00212727686858165,0.00256811761556309,0.000332629824166266,0.0024657376430195,0.0165977483086899,0.000881467802859551,0.0249219911934512,0.000363954276660595,0.00207829796935892,0.00164940647803322,0.00472487684146332,0.0022290689110418,0.000457633471217774,0.0020845788381204,0.00116051234151981,0,0.00267515175657228,0.000256761827834967,0.000619082820244292,0.00048675694764685,0.00134521991353226,0.00859799477656387,0.0171719570201182,0.000266942007504457,0.00258340855868958,0.518959258831277,0.000182826876023664,0.00175592128656619,0.00375059762883509,0.0149413907123041,0.00679029400283512
"FROM-PA",0.00324937764239559,0.00414956956877915,0.00117358680794399,0.0135846121996411,0.00353561449255471,0.0255328640154137,0.0108647099015608,0.0143325208459014,0.0344565988438876,0.0131875649379958,0.000336466814788838,0.0159762125412365,0.0128758341310936,0.00216900093376996,0.00101880008864167,0.0114300569797824,0.00186685763969565,0.00728723376749607,0.0988268433300567,0.0302110519414173,0.0240902211763119,0.00338010683283424,0.00144514088800913,0.00522749299630884,0.000308233384916436,0.000787217305345886,0.00390227930857043,0.00599255384543672,0.0985776136620433,0.000653576906700744,0.240173866085843,0.0301005172141485,0.000160315134421315,0.0871614104268069,0.00107360218859448,0.000748125835338017,0,0.00481168412469138,0.00646802942969193,0.000270335456644957,0.00785675697071902,0.0100615379439303,0.00152459181357176,0.00573716583711029,0.107330291340419,0.00231474655201798,0.0368900393217958,0.00551352088303766,0.00021492258903601,0.000269954527697069,0.000888772593954507
"FROM-RI",0.00165828397694802,0.00617471583065657,0.00056096190113971,0.0164425343403059,0.00311843836970631,0.0841139983504241,0.00479519509517601,0.00538681559287889,0.0508738444755709,0.00658568849044643,0.000363524609402586,0.0128156257841565,0.00631512723242698,0.000685529923595956,0.000501117892071402,0.00511254964482823,0.00167891661144881,0.0585075477557727,0.0320493728295657,0.0605416148332579,0.00922957737033962,0.00193551153946233,0.000596229397829918,0.00326291892600267,0.000292336921394398,0.000496410610163071,0.00441559126150438,0.0987887298442014,0.0859334188154148,0.0011241275914369,0.244992053528721,0.0171339151303266,9.36452882193273e-05,0.0116120592448837,0.000958639237989389,0.000970076782440322,0.0682643330932883,0,0.00491610172893073,9.99063745069616e-05,0.00573297466600477,0.00873098821572197,0.00170406213131422,0.0325522311718452,0.0269740293421714,0.00281655798115801,0.00465971653053655,0.0023822250043864,0.00011379837058791,0.000159723264818461,0.000776707094619707
"FROM-SC",0.0236739399982488,0.00168639849001295,0.00337860552473767,0.00648077848583831,0.00209702452380353,0.0035455515169487,0.00115427311077657,0.00273776476654387,0.0709239489599577,0.260980118254159,0.000194378623383364,0.00994041063783512,0.00919249462704229,0.000908748286435891,0.000875914600998237,0.0207487362299214,0.00512581777698896,0.000849663803655681,0.0118497713077372,0.00855608300406134,0.0100659126561757,0.00188682081420307,0.00755440795169971,0.00552263319838859,0.000192087855799676,0.00047398320924567,0.00153293120660407,0.00107318350663962,0.00980406535583967,0.000307469790172153,0.0226063070184231,0.318618261568128,8.66458957704044e-05,0.0168336669527285,0.00126417487798937,0.000454535608254164,0.0179522148349932,0.000965174413517693,0,0.000131763618535608,0.0461342783987356,0.0108876017650509,0.000776909812987914,0.000619962275873938,0.0629213262403459,0.00155136452749864,0.0110754303485194,0.00306256666489807,0.000109507785341777,0.000187912249691694,0.000446477068860838
"FROM-SD",0.000518641017099525,0.0159657720177373,0.00308287464953957,0.0339851207609105,0.0657325597120995,0.000293702248656885,5.48764976811518e-05,0.000635729476369197,0.00422351339827113,0.00200575846347334,0.0023369546272256,0.0237875502096479,0.0063234490319094,0.0871400725147947,0.0306723586028214,0.00158532109992418,0.000506304365946614,0.000123024038383507,0.00085198929593109,0.0008833514945457,0.0112263690679543,0.235033418372156,0.000288383650957031,0.0239609931774423,0.0269801590346868,0.145087344954249,0.0106281093556034,8.61062186893909e-05,0.000646034230310486,0.00378244016977308,0.00280507902441868,0.000994923221749519,0.08500117966692,0.0060613864191263,0.00861079175393535,0.000933574883796035,0.0021349114201963,5.32949806398164e-05,0.00036127955763566,0,0.00270712029255096,0.0244649984570565,0.0142045012206299,6.783995567279e-05,0.0014314384155632,0.00547299461604753,0.000100009780438386,0.039890868593892,0.0624957812948243,0.00328452461598767,0.000495220074129184
"FROM-TN",0.102174745948973,0.00387860234472383,0.0366302652516368,0.0117998656638981,0.00428398804011356,0.00258881731773409,0.000885747443888814,0.00187567737181896,0.0427579771995861,0.141522072319814,0.000382536090807397,0.0429341973873337,0.0360932022264242,0.00421165293442068,0.00447090372262443,0.118782006469671,0.012740537925476,0.000707790902642718,0.00904779355458774,0.00534495844060101,0.0196904129394104,0.00467224796999102,0.0471435862993481,0.0420704392463746,0.000399842635920429,0.00192796804510221,0.00306361210207224,0.000722294643133783,0.00557471979924774,0.00103397328010341,0.0163412500750678,0.100139293308682,0.00029798201253677,0.0314540826201684,0.00666347004103895,0.000677338262933975,0.0149148444221507,0.000765199728008962,0.031494775408185,0.000675936939966682,0,0.0296830509309291,0.0014229817982931,0.000384246352070306,0.0330835254050406,0.00229453296377179,0.0104193124418965,0.00843310090635685,0.000476910387382136,0.000316693939617992,0.000649036538421871
"FROM-TX",0.0151398589531823,0.0567313399569663,0.0614751569484656,0.084039734305082,0.0378444794181736,0.00205161363238281,0.00065004278979648,0.00264229440769172,0.0391519151070953,0.0236409468839506,0.00147149448787823,0.0226813004790711,0.00710765362972328,0.00627550645898006,0.0375849230691008,0.00771278812593785,0.109992861481573,0.00102561830426409,0.00652580993388021,0.00578123803912713,0.00842556475723266,0.00796758437404358,0.0320813421348736,0.0328185773953426,0.00155400942325763,0.0127337610592577,0.0186140878472144,0.000731827964383438,0.00561714108122144,0.0955615323328074,0.0151207764300281,0.00916482831070718,0.00100015267682346,0.00848380687347759,0.14486930454963,0.00210270408082574,0.00907333660219646,0.000572656802152658,0.00354203748664116,0.00364584164132381,0.0145852598543774,0,0.0106642620536901,0.000350775747002824,0.00952441878339095,0.0071060360524532,0.00140479816385499,0.00482901025410615,0.00501531262097132,0.00108104521226779,0.00223163102212241
"FROM-UT",0.0011179095659326,0.0990716647334625,0.000727040594847209,0.222292443466262,0.0899393839534224,0.0015568657359167,0.000284491854352411,0.00114957280967126,0.0115014256911673,0.00544767326131981,0.143479311587394,0.0101222444248761,0.00243475322392221,0.00318067421422706,0.0069887095277084,0.0018462064725745,0.00151636829734097,0.00045275878076801,0.00366305162051624,0.00345206230358801,0.00407105152007285,0.00477778671880165,0.000470969185642127,0.00593208209233824,0.0229377880283898,0.0110783579446446,0.10569393642352,0.000607044566119976,0.00383445316488922,0.0214354764027426,0.00987385441113454,0.00350387403081334,0.00245403442015387,0.004200531719414,0.00372289688359635,0.016541788970687,0.00489160171959036,0.00040931665363232,0.000906791691423356,0.00621248569788917,0.00239596387683742,0.0342664458803234,0,0.000352223584293043,0.00439779497016069,0.0267221469403583,0.000284102020087384,0.0024882733486266,0.0783155045024927,0.00258451328354987,0.00441229722850519
"FROM-VT",0.00050346972734,0.00177553706071185,0.000176833442830174,0.00684200913169174,0.00218465210504277,0.0679368252259678,0.00270011727486001,0.00225612190905984,0.0170304594002066,0.00317535562786499,0.000166051149748264,0.00563495713314822,0.00285377470371754,0.000257078659830728,0.000218949413319363,0.00138303621728384,0.000646307112579903,0.0814185209414117,0.0163223850686928,0.239765409492801,0.00750666130498639,0.00116869939369151,0.00018254577119203,0.00141185904621692,0.000213811745598766,0.000239298195877931,0.00115390355645722,0.0958795115500328,0.0544732827857849,0.000330525027980814,0.256661383406696,0.00858910768778649,7.0756286511904e-05,0.0127656487841129,0.000250986385199148,0.000620066517536541,0.0492425802493867,0.0193770565175374,0.00192630806002248,7.76568775950156e-05,0.00178660407895312,0.00331254562622035,0.000903073226696924,0,0.0156328338751578,0.00152923587851092,0.00249367259135875,0.00162847740560494,8.39961352686987e-05,0.00696431512478325,0.000275746109131562
"FROM-VA",0.00705607606311169,0.00294486199343083,0.00128756984159095,0.0185258707240607,0.00450307618705288,0.0102186366706113,0.0150027284248482,0.0129969659775376,0.0389542064134066,0.0302052986326782,0.000400486137318121,0.0132045962138074,0.0101486096332719,0.00116655102761268,0.000980401602731324,0.0172818651149834,0.00268127215085482,0.00357778087071254,0.122307392252609,0.0214658407985327,0.0164631770270493,0.00317003813471503,0.00226294378089852,0.00508577203732106,0.000360160995646774,0.000770031503323429,0.00302898486119473,0.00310546791756687,0.0500020150263454,0.000839927599859074,0.0736856685725905,0.227000746787413,0.000158284561917944,0.0332122796537941,0.00115207790779917,0.000854788048128119,0.128005197999646,0.00228823697514676,0.0277127814600403,0.000226032679638884,0.0212246487843779,0.0118580586528906,0.0016139187042103,0.00220539664345028,0,0.0029102045140994,0.0401553241463187,0.00406185361919319,0.000164334982591624,0.000358208058746475,0.00115335163332351
"FROM-WA",0.00121850651170705,0.0218377118091286,0.000898645338835376,0.170473144741395,0.0147024808172605,0.0016150033032463,0.000364795299799821,0.00161358142746785,0.0136338806903893,0.00587944045821723,0.0973616603914433,0.0108951002393593,0.00260546608226636,0.00137654695031001,0.00150363717602212,0.00167260749066328,0.0018675282388743,0.000582196226046446,0.00427232670662945,0.0052865187395843,0.00437786261688339,0.00718797006874218,0.000682644950847326,0.0049069100261759,0.0491227448898688,0.00162328992059918,0.0259915025091577,0.000637691190255184,0.00454414746787088,0.0026416350150267,0.00992824355691746,0.00428256945502938,0.00214171501830958,0.00400258628614995,0.00217304798870134,0.338747864198136,0.00535709987281538,0.000482460855401223,0.00133048535505664,0.00177383030299805,0.00286759261181769,0.0178466126896196,0.0193349396757819,0.000429837876808166,0.00577435096225829,0,0.00036804857330597,0.00338078890084034,0.00571742999930643,0.0994508980436284,0.0132324204830445
"FROM-WV",0.00605193778165376,0.000891185433201398,0.00116407013029989,0.00335110132224255,0.000859096717303713,0.00644791927846292,0.00458629807564323,0.00569024507375756,0.0196180119846201,0.0180136582750828,9.3980073219568e-05,0.0167739845698392,0.024231217891685,0.0014918480078412,0.000879611823138256,0.0519267875860951,0.00105804963874161,0.00128677821405583,0.064709164702385,0.0135872333535882,0.0440914436071716,0.0022893566643983,0.00137833072021083,0.00592925206381482,7.60568834094579e-05,0.000420890031065147,0.000728419258794616,0.00194336343294304,0.0259574704552709,0.000174705111814475,0.0625500195934246,0.100342351789659,2.884740073241e-05,0.184349331716392,0.000864423067822407,0.000193982830208251,0.142999399599871,0.00127718441658788,0.0158321365879505,4.75597759415528e-05,0.0215869951958765,0.00506500871523552,0.000333036430112711,0.00117672780602396,0.130576692530138,0.000602804660461769,0,0.0061720141092429,3.91811520663399e-05,7.20104021483317e-05,0.000188824058354608
"FROM-WI",0.00360451434591716,0.00586340713029678,0.00469755608772962,0.0125307636809765,0.0069615497541909,0.00217505593836575,0.000534698417825354,0.00162177117992727,0.017479884212113,0.00962812735327909,0.000473143006751795,0.260040660242964,0.0737007295860477,0.0867422516779604,0.00763980088109214,0.0164887576187012,0.00202884161762743,0.000615288192885945,0.0051197734853025,0.00520231567594193,0.0965834298605589,0.193116881623317,0.00289346750685699,0.0277658243433179,0.001100633022901,0.010046112650342,0.00492806178873866,0.000536218713691218,0.00478314715171782,0.000725020872200793,0.0158915003254716,0.00742034940121883,0.00804226234035049,0.0305324407679138,0.00348841523087786,0.00104842891076615,0.0123419364136273,0.000373954234997074,0.00245968689992864,0.0117995409585293,0.0100101497388001,0.0120397724986827,0.0017247785436516,0.000414089355122451,0.00751057542642059,0.00316227564171504,0.00347184848972273,0,0.0010166740450916,0.000823723643645236,0.000799909513927857
"FROM-WY",0.000247452699234385,0.021633558026696,0.000360526433939733,0.0765611624167652,0.222549655567764,0.000363083399662912,4.53548893286503e-05,0.000223129803097991,0.00182392006120635,0.00100236275361552,0.114866014356946,0.0057052006333174,0.000841004757835115,0.00477648574057554,0.00831300634020923,0.000488269427549064,0.000384762978079385,8.1586833558424e-05,0.000570789369249278,0.000871782652569571,0.00151820803452035,0.00975692278329327,9.60842812281917e-05,0.00467641740448271,0.1478356659308,0.0449288484940579,0.0135936832616947,8.63904934778844e-05,0.000673253411810957,0.00756521671684166,0.00178382200859361,0.000675593173059249,0.0137115395516935,0.00126874867100671,0.00314050811929444,0.00682528142931581,0.00108228957046887,5.17406022795742e-05,0.000205247484095788,0.0640898873479219,0.000959312984043942,0.0211211933582898,0.171889271999317,6.96598093686796e-05,0.000908710507521688,0.0138320557047289,6.13186836486818e-05,0.00281684579324793,0,0.00284112786744417,0.000226045381251514
"FROM-AK",0.00104878029152873,0.0125248584736248,0.000813898198944109,0.0710063627953186,0.0115919970610814,0.000824999496365635,0.00016892069304822,0.00132196998849417,0.00848247442028736,0.00396162026424961,0.0296430674840254,0.0102117069121308,0.00195933356122154,0.00192683753674267,0.00114514403424724,0.00140614918844994,0.00149254548421514,0.0538272545701993,0.00205438237465147,0.0030469779551461,0.00449899309655254,0.0387067230835245,0.000606932000687127,0.00349505517516524,0.0883463978131155,0.00210702209758489,0.00990317055323597,0.00027727265964804,0.00282001394117591,0.00110793160918832,0.00485366805277464,0.00281018787149142,0.0529465875034615,0.003488793616873,0.00163247058470601,0.0469811877207288,0.00358570947305302,0.000140208152657608,0.000852933769231028,0.00614595308421287,0.00208162521033492,0.0135871566485948,0.00948689127331072,0.00917731899889859,0.00359595175486715,0.452892359698686,0.000267833509144525,0.00490996365692097,0.00420689901084986,0,0.00602750759535236
"FROM-HI",0.00270816363206975,0.0387887535519844,0.00203458471520676,0.389325072133841,0.0270968821997557,0.00427854165661914,0.000712737351539076,0.00318812749626894,0.0218432232522881,0.0145044632791652,0.00515980352441085,0.0279195956563296,0.00656195165677648,0.00356992849532075,0.00279717391757384,0.0052301227782271,0.00356409656077783,0.00127139314129319,0.0109537594141017,0.0117185642421381,0.0126277731769614,0.0153405056745713,0.00127156162156762,0.0123399395530098,0.00273780645379511,0.00338436847568634,0.041280461935543,0.00112637923402932,0.0162820906625815,0.00407127908489658,0.021320069046188,0.00986749810624886,0.00106055629517736,0.0105674855033832,0.00490316836374159,0.0326221610411402,0.0154191479991046,0.00104341951052969,0.00292469289354902,0.00114212540634206,0.00617380799531941,0.0429973509724963,0.023790959678923,0.000595163909904852,0.0168264258075316,0.0973834085704368,0.000855066943656835,0.00637589444459069,0.000499193298928412,0.00994329968447744,0
